<?xml version="1.0" encoding="UTF-8"?>
<?xml-stylesheet type="text/css" href="catalog_style.css" ?>
<PlayersCatalog xmlns:xsi="http://www.w3.org/2001/XMLSchema-instance" xsi:noNamespaceSchemaLocation="players.xsd">
    <players>
        <player federation_id="f1" coach_id="c1">
            <Name>Shamil Abdurakhimov</Name>
            <Dateofbirth>
                <day>2</day>
                <month>9</month>
                <year>1981</year>
            </Dateofbirth>
            <club>
                <clubName>Nova Uniao</clubName>
                <country>Brasil</country>
                <address>
                    <street>Rua Marques de Abrantes</street>
                    <city>Rio de Janeiro</city>
                </address>
            </club>
            <Record>20-8-0</Record>
            <MarketValue currency="mln EUR">5.35</MarketValue>
            <Information>
                <Pseudonym style="bjj">ABREK</Pseudonym>
                <age>56</age>
                <height unit="cm">190</height>
                <weight unit="kg">119</weight>
            </Information>
        </player>



        <player federation_id="f2" coach_id="c2">
            <Name>Jon Jones</Name>
            <Dateofbirth>
                <day>19</day>
                <month>7</month>
                <year>1987</year>
            </Dateofbirth>
            <club>
                <clubName>Team Jackson-Wink MMA</clubName>
                <country>United States</country>
                <address>
                    <street>7410 Holly Ave NE</street>
                    <city>Albuquerque</city>
                </address>
            </club>
            <Record>26-1-0</Record>
            <MarketValue currency="mln EUR">10.50</MarketValue>
            <Information>
                <Pseudonym style="mma">Bones</Pseudonym>
                <age>36</age>
                <height unit="cm">193</height>
                <weight unit="kg">93</weight>
            </Information>
        </player>
        









        <player federation_id="f3" coach_id="c3">
            <Name>Amanda Nunes</Name>
            <Dateofbirth>
                <day>30</day>
                <month>5</month>
                <year>1988</year>
            </Dateofbirth>
            <club>
                <clubName>American Top Team</clubName>
                <country>United States</country>
                <address>
                    <street>4631 Johnson Rd</street>
                    <city>Coconut Creek</city>
                </address>
            </club>
            <Record>21-4-0</Record>
            <MarketValue currency="mln EUR">6.75</MarketValue>
            <Information>
                <Pseudonym style="mma">The Lioness</Pseudonym>
                <age>35</age>
                <height unit="cm">172</height>
                <weight unit="kg">66</weight>
            </Information>
        </player>
        











        <player federation_id="f4" coach_id="c4">
            <Name>Conor McGregor</Name>
            <Dateofbirth>
                <day>14</day>
                <month>7</month>
                <year>1988</year>
            </Dateofbirth>
            <club>
                <clubName>Straight Blast Gym Ireland</clubName>
                <country>Ireland</country>
                <address>
                    <street>Unit 1, Naas Rd</street>
                    <city>Dublin</city>
                </address>
            </club>
            <Record>22-5-0</Record>
            <MarketValue currency="mln EUR">8.20</MarketValue>
            <Information>
                <Pseudonym style="mma">The Notorious</Pseudonym>
                <age>36</age>
                <height unit="cm">175</height>
                <weight unit="kg">70</weight>
            </Information>
        </player>
        











        <player federation_id="f5" coach_id="c5">
            <Name>Valentina Shevchenko</Name>
            <Dateofbirth>
                <day>7</day>
                <month>3</month>
                <year>1988</year>
            </Dateofbirth>
            <club>
                <clubName>Shevchenko Sisters Fight Academy</clubName>
                <country>Kyrgyzstan</country>
                <address>
                    <street>123 Victory Blvd</street>
                    <city>Beaumont</city>
                </address>
            </club>
            <Record>21-3-0</Record>
            <MarketValue currency="mln EUR">5.95</MarketValue>
            <Information>
                <Pseudonym style="mma">Bullet</Pseudonym>
                <age>35</age>
                <height unit="cm">170</height>
                <weight unit="kg">61</weight>
            </Information>
        </player>
        

        <player federation_id="f6" coach_id="c6">
            <Name>Khabib Nurmagomedov</Name>
            <Dateofbirth>
                <day>20</day>
                <month>9</month>
                <year>1988</year>
            </Dateofbirth>
            <club>
                <clubName>American Kickboxing Academy</clubName>
                <country>United States</country>
                <address>
                    <street>240 Phelan Ave</street>
                    <city>San Jose</city>
                </address>
            </club>
            <Record>29-0-0</Record>
            <MarketValue currency="mln EUR">9.80</MarketValue>
            <Information>
                <Pseudonym style="mma">The Eagle</Pseudonym>
                <age>36</age>
                <height unit="cm">178</height>
                <weight unit="kg">70</weight>
            </Information>
        </player>
        


        <player federation_id="f7" coach_id="c7">
            <Name>Israel Adesanya</Name>
            <Dateofbirth>
                <day>22</day>
                <month>7</month>
                <year>1989</year>
            </Dateofbirth>
            <club>
                <clubName>City Kickboxing</clubName>
                <country>New Zealand</country>
                <address>
                    <street>13 Rotherham St</street>
                    <city>Auckland</city>
                </address>
            </club>
            <Record>21-1-0</Record>
            <MarketValue currency="mln EUR">7.60</MarketValue>
            <Information>
                <Pseudonym style="mma">The Last Stylebender</Pseudonym>
                <age>35</age>
                <height unit="cm">193</height>
                <weight unit="kg">84</weight>
            </Information>
        </player>
        





        <player federation_id="f8" coach_id="c8">
            <Name>Max Holloway</Name>
            <Dateofbirth>
                <day>4</day>
                <month>12</month>
                <year>1991</year>
            </Dateofbirth>
            <club>
                <clubName>Hawaii Elite MMA</clubName>
                <country>United States</country>
                <address>
                    <street>88 Piikoi St</street>
                    <city>Honolulu</city>
                </address>
            </club>
            <Record>23-6-0</Record>
            <MarketValue currency="mln EUR">5.90</MarketValue>
            <Information>
                <Pseudonym style="mma">Blessed</Pseudonym>
                <age>32</age>
                <height unit="cm">180</height>
                <weight unit="kg">66</weight>
            </Information>
        </player>
        










        <player federation_id="f9" coach_id="c9">
            <Name>Zhang Weili</Name>
            <Dateofbirth>
                <day>13</day>
                <month>8</month>
                <year>1989</year>
            </Dateofbirth>
            <club>
                <clubName>Black Tiger Fight Club</clubName>
                <country>China</country>
                <address>
                    <street>20 Pingshan Rd</street>
                    <city>Beijing</city>
                </address>
            </club>
            <Record>21-2-0</Record>
            <MarketValue currency="mln EUR">6.20</MarketValue>
            <Information>
                <Pseudonym style="mma">Magnum</Pseudonym>
                <age>35</age>
                <height unit="cm">163</height>
                <weight unit="kg">52</weight>
            </Information>
        </player>
        



        <player federation_id="f10" coach_id="c10">
            <Name>Justin Gaethje</Name>
            <Dateofbirth>
                <day>14</day>
                <month>11</month>
                <year>1988</year>
            </Dateofbirth>
            <club>
                <clubName>Altitude MMA</clubName>
                <country>United States</country>
                <address>
                    <street>10410 S Progress Way</street>
                    <city>Parker</city>
                </address>
            </club>
            <Record>23-3-0</Record>
            <MarketValue currency="mln EUR">4.75</MarketValue>
            <Information>
                <Pseudonym style="mma">The Highlight</Pseudonym>
                <age>36</age>
                <height unit="cm">178</height>
                <weight unit="kg">70</weight>
            </Information>
        </player>
        



        <player federation_id="f11" coach_id="c11">
            <Name>Francis Ngannou</Name>
            <Dateofbirth>
                <day>5</day>
                <month>9</month>
                <year>1986</year>
            </Dateofbirth>
            <club>
                <clubName>Extreme Couture MMA</clubName>
                <country>United States</country>
                <address>
                    <street>4055 W Sunset Rd</street>
                    <city>Las Vegas</city>

                </address>
            </club>
            <Record>17-3-0</Record>
            <MarketValue currency="mln EUR">7.90</MarketValue>
            <Information>
                <Pseudonym style="mma">The Predator</Pseudonym>
                <age>38</age>
                <height unit="cm">193</height>
                <weight unit="kg">120</weight>
            </Information>
        </player>
        

        <player federation_id="f12" coach_id="c12">
            <Name>Ronda Rousey</Name>
            <Dateofbirth>
                <day>1</day>
                <month>2</month>
                <year>1987</year>
            </Dateofbirth>
            <club>
                <clubName>Team Hayastan</clubName>
                <country>United States</country>
                <address>
                    <street>13461 Western Ave</street>
                    <city>Gardena</city>
                </address>
            </club>
            <Record>12-2-0</Record>
            <MarketValue currency="mln EUR">4.50</MarketValue>
            <Information>
                <Pseudonym style="mma">Rowdy</Pseudonym>
                <age>37</age>
                <height unit="cm">170</height>
                <weight unit="kg">61</weight>
            </Information>
        </player>
        




        <player federation_id="f13" coach_id="c13">
            <Name>Dustin Poirier</Name>
            <Dateofbirth>
                <day>19</day>
                <month>1</month>
                <year>1989</year>
            </Dateofbirth>
            <club>
                <clubName>American Top Team</clubName>
                <country>United States</country>
                <address>
                    <street>4631 Johnson Rd</street>
                    <city>Coconut Creek</city>
                </address>
            </club>
            <Record>29-7-0</Record>
            <MarketValue currency="mln EUR">5.75</MarketValue>
            <Information>
                <Pseudonym style="mma">The Diamond</Pseudonym>
                <age>35</age>
                <height unit="cm">175</height>
                <weight unit="kg">70</weight>
            </Information>
        </player>
        












        <player federation_id="f14" coach_id="c14">
            <Name>Stipe Miocic</Name>
            <Dateofbirth>
                <day>19</day>
                <month>8</month>
                <year>1982</year>
            </Dateofbirth>
            <club>
                <clubName>Strong Style Fight Team</clubName>
                <country>United States</country>
                <address>
                    <street>22601 Lorain Rd</street>
                    <city>Fairview Park</city>
                </address>
            </club>
            <Record>20-4-0</Record>
            <MarketValue currency="mln EUR">6.30</MarketValue>
            <Information>
                <Pseudonym style="mma">Stone Cold</Pseudonym>
                <age>41</age>
                <height unit="cm">193</height>
                <weight unit="kg">111</weight>
            </Information>
        </player>
        









        <player federation_id="f15" coach_id="c15">
            <Name>Alexander Volkanovski</Name>
            <Dateofbirth>
                <day>29</day>
                <month>9</month>
                <year>1988</year>
            </Dateofbirth>
            <club>
                <clubName>City Kickboxing</clubName>
                <country>Australia</country>
                <address>
                    <street>13 Rotherham St</street>
                    <city>Auckland</city>
                </address>
            </club>
            <Record>24-1-0</Record>
            <MarketValue currency="mln EUR">5.40</MarketValue>
            <Information>
                <Pseudonym style="mma">The Great</Pseudonym>
                <age>35</age>
                <height unit="cm">175</height>
                <weight unit="kg">66</weight>
            </Information>
        </player>
        

        <player federation_id="f16" coach_id="c16">
            <Name>Kamaru Usman</Name>
            <Dateofbirth>
                <day>11</day>
                <month>5</month>
                <year>1987</year>
            </Dateofbirth>
            <club>
                <clubName>Hard Knocks 365</clubName>
                <country>Nigeria</country>
                <address>
                    <street>2100 SW 3rd Ave</street>
                    <city>Fort Lauderdale</city>
                </address>
            </club>
            <Record>19-1-0</Record>
            <MarketValue currency="mln EUR">6.60</MarketValue>
            <Information>
                <Pseudonym style="mma">The Nigerian Nightmare</Pseudonym>
                <age>37</age>
                <height unit="cm">183</height>
                <weight unit="kg">77</weight>
            </Information>
        </player>
        

        <player federation_id="f17" coach_id="c17">
            <Name>Rafael dos Anjos</Name>
            <Dateofbirth>
                <day>26</day>
                <month>10</month>
                <year>1984</year>
            </Dateofbirth>
            <club>
                <clubName>RDA Fitness and Martial Arts</clubName>
                <country>Brazil</country>
                <address>
                    <street>154 N Main St</street>
                    <city>Manasquan</city>
                </address>
            </club>
            <Record>30-14-0</Record>
            <MarketValue currency="mln EUR">4.20</MarketValue>
            <Information>
                <Pseudonym style="mma">RDA</Pseudonym>
                <age>40</age>
                <height unit="cm">173</height>
                <weight unit="kg">70</weight>
            </Information>
        </player>
        



        <player federation_id="f18" coach_id="c18">
            <Name>Joanna Jedrzejczyk</Name>
            <Dateofbirth>
                <day>18</day>
                <month>8</month>
                <year>1987</year>
            </Dateofbirth>
            <club>
                <clubName>American Top Team</clubName>
                <country>United States</country>
                <address>
                    <street>4631 Johnson Rd</street>
                    <city>Coconut Creek</city>
                </address>
            </club>
            <Record>16-4-0</Record>
            <MarketValue currency="mln EUR">4.80</MarketValue>
            <Information>
                <Pseudonym style="mma">Joanna Champion</Pseudonym>
                <age>36</age>
                <height unit="cm">165</height>
                <weight unit="kg">52</weight>
            </Information>
        </player>
        






        <player federation_id="f19" coach_id="c19">
            <Name>Daniel Cormier</Name>
            <Dateofbirth>
                <day>20</day>
                <month>3</month>
                <year>1979</year>
            </Dateofbirth>
            <club>
                <clubName>American Kickboxing Academy</clubName>
                <country>United States</country>
                <address>
                    <street>240 Phelan Ave</street>
                    <city>San Jose</city>
                </address>
            </club>
            <Record>22-3-0</Record>
            <MarketValue currency="mln EUR">6.00</MarketValue>
            <Information>
                <Pseudonym style="mma">DC</Pseudonym>
                <age>45</age>
                <height unit="cm">182</height>
                <weight unit="kg">106</weight>
            </Information>
        </player>
        


        <player federation_id="f20" coach_id="c20">
            <Name>Demetrious Johnson</Name>
            <Dateofbirth>
                <day>13</day>
                <month>8</month>
                <year>1986</year>
            </Dateofbirth>
            <club>
                <clubName>Evolve MMA</clubName>
                <country>United States</country>
                <address>
                    <street>26 Mohamed Sultan Rd</street>
                    <city>Singapore</city>
                </address>
            </club>
            <Record>30-3-1</Record>
            <MarketValue currency="mln EUR">5.50</MarketValue>
            <Information>
                <Pseudonym style="mma">Mighty Mouse</Pseudonym>
                <age>38</age>
                <height unit="cm">163</height>
                <weight unit="kg">57</weight>
            </Information>
        </player>
        



    </players>

<styles>
    <style>bjj</style>
    <style>mma</style>
    <style>kboxing</style>
    <style>box</style>
</styles>

<coaches>

    <coach coach_id="c1">Magomed Magomedov</coach>
    <coach coach_id="c2">Greg Jackson</coach>
    <coach coach_id="c3">Alice Johnson</coach>
    <coach coach_id="c4">Carlos Gracie</coach>
    <coach coach_id="c5">Rafael Mendes</coach>
    <coach coach_id="c6">Floyd Mayweather Sr.</coach>
    <coach coach_id="c7">Robert Drysdale</coach>
    <coach coach_id="c8">Michael Johnson</coach>
    <coach coach_id="c9">Freddie Roach</coach>
    <coach coach_id="c10">Marcelo Garcia</coach>
    <coach coach_id="c11">Ronda Rousey</coach>
    <coach coach_id="c12">Eddie Bravo</coach>
    <coach coach_id="c13">Mike Tyson</coach>
    <coach coach_id="c14">Kron Gracie</coach>
    <coach coach_id="c15">Duke Roufus</coach>
    <coach coach_id="c16">Royce Gracie</coach>
    <coach coach_id="c17">Cesar Gracie</coach>
    <coach coach_id="c18">John Danaher</coach>
    <coach coach_id="c19">Mauricio Gomes</coach>
    <coach coach_id="c20">Pat Barry</coach>
     

</coaches>

</PlayersCatalog>
